Shape *,MSLINK,ID_NUMBER,BLM,RELATIONTO,RELATIONT2,URBAN,NBR_TENN_C,NBR_RT2,SPCL_CSE,CNTY_SEQ,CASENO,TDOTLOC,YEAROFCRAS,DATEOFCRAS,TIMEO,TYPEOFCRAS,TOTALKIL,TOTALINJU,TOTAL_INCA,TOTAL_OTHE,TOTALVEHIC,FIRSTHARMF,MANNEROFCO,WEATHER,LIGHTCONDI,LOCATE_TYP,Hour
Point,512,15SR032001,11.075,NON_JUNCTION,On Roadway,--,COCKE,SR032,0-NONE,1,101965729,Along Roadway,2018,4/3/2018,1430,Prop Damage (under),0,0,0,0,2,Vehicle in Transport,"SIDESWIPE, SAME DIR",Clear,Daylight,Automatic,14
Point,513,15SR032001,11.076,NON_JUNCTION,On Roadway --,,COCKE,SR032,0-NONE,1,102450881,Along Roadway,2019,7/18/2019,1544,Prop Damage (over),0,0,0,0,2,Vehicle in Transport,REAR TO SIDE,Clear,Daylight,Automatic,15
Point,514,15SR032001,11.092,NON_JUNCTION,On Roadway --,,COCKE,SR032,0-NONE,1,101100932,Along Roadway,2016,2/5/2016,1515,Suspected Minor Injury,0,2,0,2,2,Vehicle in Transport,HEAD-ON,Clear,Daylight,Automatic,15
Point,515,15SR032001,11.139,NON_JUNCTION,On Roadway --,,COCKE,SR032,0-NONE,1,101603880,Along Roadway,2017,4/4/2017,1630,Suspected Minor Injury,0,1,0,1,2,Vehicle in Transport,ANGLE,Clear,Daylight,Automatic,16
Point,516,15SR032001,11.72,NON_JUNCTION,On Roadway --,,COCKE,SR032,0-NONE,1,102090246,Along Roadway,2018,7/27/2018,1659,Prop Damage (over),0,0,0,0,2,Vehicle in Transport,"SIDESWIPE, SAME DIR",Clear,Daylight,Automatic,16
Point,517,15SR032001,11.765,NON_JUNCTION,On Roadway --,,COCKE,SR032,0-NONE,1,101932132,Along Roadway,2018,2/27/2018,2013,Prop Damage (over),0,0,0,0,1,Other Animal,NO COLLISION W/ VEHICLE,Clear,Dark-Not Lighted,Automatic,20
Point,518,15SR032001,11.947,NON_JUNCTION,On Roadway --,,COCKE,SR032,0-NONE,1,101789381,Along Roadway,2017,10/12/2017,1150,Suspected Minor Injury,0,1,0,1,2,Vehicle in Transport,REAR-END,Clear,Daylight,Automatic,11
Point,519,15SR032001,12.234,NON_JUNCTION,On Roadway --,,COCKE,SR032,0-NONE,1,101316086,Along Roadway,2016,7/26/2016,1620,Fatal,1,6,2,4,2,Vehicle in Transport,HEAD-ON,Clear,Daylight,Automatic,16
Point,520,15SR032001,12.239,NON_JUNCTION,On Roadway --,,COCKE,SR032,0-NONE,1,101692718,Along Roadway,2017,6/22/2017,1635,Suspected Minor Injury,0,1,0,1,2,Vehicle in Transport,REAR-END,Rain,Daylight,Automatic,16
Point,521,15SR032001,12.284,NON_JUNCTION,On Roadway --,,COCKE,SR032,0-NONE,1,102408361,Along Roadway,2019,5/30/2019,1450,Prop Damage (over),0,0,0,0,2,Vehicle in Transport,REAR-END,Clear,Daylight,Automatic,14
Point,522,15SR032001,12.662,NON_JUNCTION,On Roadway --,,COCKE,SR032,0-NONE,1,101626115,Along Roadway,2017,4/21/2017,2203,Suspected Serious Injury,0,3,1,2,2,Vehicle in Transport,HEAD-ON,Rain,Dark-Not Lighted,Automatic,22
Point,523,15SR032001,12.702,NON_JUNCTION,On Roadway --,,COCKE,SR032,0-NONE,1,102429947,Along Roadway,2019,6/27/2019,725,Prop Damage (over),0,0,0,0,2,Vehicle in Transport,REAR-END,Clear,Daylight,Automatic,7
Point,524,15SR032001,12.771,NON_JUNCTION,On Roadway --,,COCKE,SR032,0-NONE,1,102176453,Along Roadway,2018,10/9/2018,734,Suspected Minor Injury,0,2,0,2,2,Vehicle in Transport,HEAD-ON,Cloudy,Daylight,Automatic,7
Point,525,15SR032001,13.011,NON_JUNCTION,On Roadway --,,COCKE,SR032,0-NONE,1,101733936,Along Roadway,2017,8/15/2017,1400,Prop Damage (over),0,0,0,0,2,Vehicle in Transport,ANGLE,Clear,Daylight,Automatic,14
Point,526,15SR032001,13.035,NON_JUNCTION,On Roadway --,,COCKE,SR032,0-NONE,1,102457231,Along Roadway,2019,7/24/2019,1548,Prop Damage (over),0,0,0,0,2,Vehicle in Transport,"SIDESWIPE, OPP DIR",Clear,Daylight,Automatic,15
Point,527,15SR032001,13.193,NON_JUNCTION,On Roadway --,,COCKE,SR032,0-NONE,1,101800000,Along Roadway,2017,10/21/2017,2210,Prop Damage (over),0,0,0,0,2,Vehicle in Transport,ANGLE,Clear,Dark-Not Lighted,Automatic,22
Point,528,15SR032001,13.217,NON_JUNCTION,On Roadway --,,COCKE,SR032,0-NONE,1,101998576,Along Roadway,2018,4/28/2018,1405,Prop Damage (over),0,0,0,0,3,Vehicle in Transport,REAR-END,Clear,Daylight,Automatic,14
Point,529,15SR032001,13.241,NON_JUNCTION,On Roadway --,,COCKE,SR032,0-NONE,1,101580298,Along Roadway,2017,3/10/2017,1816,Prop Damage (over),0,0,0,0,2,Vehicle in Transport,REAR-END,Clear,Daylight,Automatic,18
Point,530,15SR032001,13.263,NON_JUNCTION,On Roadway --,,COCKE,SR032,0-NONE,1,101778057,Along Roadway,2017,9/30/2017,1505,Suspected Minor Injury,0,4,0,4,3,Vehicle in Transport,REAR-END,Clear,Daylight,Automatic,15
Point,531,15SR032001,13.264,NON_JUNCTION,On Roadway --,,COCKE,SR032,0-NONE,1,101692698,Along Roadway,2017,7/1/2017,1800,Suspected Minor Injury,0,1,0,1,2,Vehicle in Transport,ANGLE,Clear,Daylight,Automatic,18
Point,532,15SR032001,13.311,NON_JUNCTION,On Roadway --,,COCKE,SR032,0-NONE,1,102445644,Along Roadway,2019,7/12/2019,1458,Prop Damage (over),0,0,0,0,2,Vehicle in Transport,REAR-END,Cloudy,Daylight,Automatic,14
Point,533,15SR032001,13.792,NON_JUNCTION,On Roadway --,,COCKE,SR032,0-NONE,1,101605737,Along Roadway,2017,4/6/2017,605,Prop Damage (over),0,0,0,0,1,Other Object (not fixed),NO COLLISION W/ VEHICLE,Rain,Dark-Not Lighted,Automatic,6
Point,534,15SR032001,13.95,NON_JUNCTION,On Roadway --,,COCKE,SR032,0-NONE,1,101394785,Along Roadway,2016,10/1/2016,20,Suspected Minor Injury,0,1,0,1,1,Overturn,NO COLLISION W/ VEHICLE,Clear,Dark-Not Lighted,Automatic,0
Point,535,15SR032001,14.251,NON_JUNCTION,On Roadway --,,COCKE,SR032,0-NONE,1,102037381,Along Roadway,2018,6/8/2018,1720,Prop Damage (over),0,0,0,0,1,Thrown or Falling Object,NO COLLISION W/ VEHICLE,Clear,Daylight,Automatic,17
Point,536,15SR032001,14.257,NON_JUNCTION,On Roadway --,,COCKE,SR032,0-NONE,1,101600897,Along Roadway,2017,4/1/2017,1350,Prop Damage (over),0,0,0,0,2,Vehicle in Transport,REAR-END,Clear,Daylight,Automatic,13
Point,537,15SR032001,14.516,NON_JUNCTION,On Roadway --,,COCKE,SR032,0-NONE,1,102602175,Along Roadway,2019,12/13/2019,1928,Suspected Serious Injury,0,2,1,1,2,Vehicle in Transport,HEAD-ON,Rain,Dark-Not Lighted,Automatic,19
Point,538,15SR032001,14.522,NON_JUNCTION,On Roadway --,,COCKE,SR032,0-NONE,1,101210265,Along Roadway,2016,5/20/2016,1239,Prop Damage (over),0,0,0,0,2,Vehicle in Transport,REAR-END,Clear,Daylight,Automatic,12
Point,539,15SR032001,14.534,NON_JUNCTION,On Roadway --,,COCKE,SR032,0-NONE,1,101239715,Along Roadway,2016,6/5/2016,1355,Suspected Minor Injury,0,6,0,6,2,Vehicle in Transport,HEAD-ON,Rain,Daylight,Automatic,13
Point,540,15SR032001,14.855,NON_JUNCTION,On Roadway --,,COCKE,SR032,0-NONE,1,101631087,Along Roadway,2017,4/28/2017,1609,Suspected Serious Injury,0,1,1,0,1,Overturn,NO COLLISION W/ VEHICLE,Clear,Daylight,Automatic,16
Point,541,15SR032001,14.86,NON_JUNCTION,On Roadway --,,COCKE,SR032,0-NONE,1,102541978,Along Roadway,2019,10/18/2019,1937,Prop Damage (over),0,0,0,0,2,Vehicle in Transport,REAR-END,Clear,Dark-Not Lighted,Automatic,19
Point,542,15SR032001,14.877,NON_JUNCTION,On Roadway --,,COCKE,SR032,0-NONE,1,102025312,At an Intersection,2018,5/23/2018,944,Suspected Minor Injury,0,1,0,1,2,Vehicle in Transport,REAR-END,Clear,Daylight,Automatic,9
Point,543,15SR032001,15.098,NON_JUNCTION,On Roadway --,,COCKE,SR032,0-NONE,1,102093018,Along Roadway,2018,7/30/2018,1439,Suspected Minor Injury,0,4,0,4,2,Vehicle in Transport,"SIDESWIPE, OPP DIR",Clear,Daylight,Automatic,14
Point,544,15SR032001,15.292,NON_JUNCTION,On Roadway --,,COCKE,SR032,0-NONE,1,102445157,Along Roadway,2019,7/12/2019,838,Prop Damage (over),0,0,0,0,2,Vehicle in Transport,"SIDESWIPE, SAME DIR",Cloudy,Daylight,Automatic,8
Point,545,15SR032001,15.325,NON_JUNCTION,On Roadway --,,COCKE,SR032,0-NONE,1,102427294,Along Roadway,2019,6/19/2019,656,Suspected Minor Injury,0,1,0,1,1,Pedestrian,NO COLLISION W/ VEHICLE,Clear,Daylight,Automatic,6
Point,546,15SR032001,15.377,NON_JUNCTION,On Roadway --,,COCKE,SR032,0-NONE,1,101710100,Along Roadway,2017,7/23/2017,0,Prop Damage (over),0,0,0,0,2,Vehicle in Transport,REAR-END,Clear,Daylight,Automatic,0
Point,547,15SR032001,15.444,NON_JUNCTION,On Roadway --,,COCKE,SR032,0-NONE,1,102584627,Along Roadway,2019,11/30/2019,1700,Suspected Serious Injury,0,4,1,3,2,Vehicle in Transport,HEAD-ON,Rain,Daylight,Automatic,17
Point,548,15SR032001,15.556,NON_JUNCTION,On Roadway --,,COCKE,SR032,0-NONE,1,101348036,Along Roadway,2016,8/27/2016,1523,Prop Damage (under),0,0,0,0,2,Vehicle in Transport,REAR-END,Clear,Daylight,Automatic,15
Point,549,15SR032001,15.564,NON_JUNCTION,On Roadway --,,COCKE,SR032,0-NONE,1,101304063,Along Roadway,2016,7/26/2016,610,Suspected Serious Injury,0,4,1,3,3,Vehicle in Transport,ANGLE,Clear,Dark-Lighted,Automatic,6
Point,550,15SR032001,15.571,NON_JUNCTION,On Roadway --,,COCKE,SR032,0-NONE,1,101813926,Along Roadway,2017,10/31/2017,1625,Suspected Minor Injury,0,1,0,1,2,Vehicle in Transport,ANGLE,Clear,Daylight,Automatic,16
Point,551,15SR032001,15.578,NON_JUNCTION,On Roadway --,,COCKE,SR032,0-NONE,1,101654512,Along Roadway,2017,5/25/2017,1325,Suspected Minor Injury,0,4,0,4,2,Vehicle in Transport,HEAD-ON,Cloudy,Daylight,Automatic,13
Point,552,15SR032001,15.584,NON_JUNCTION,On Roadway --,,COCKE,SR032,0-NONE,1,102517095,Along Roadway,2019,9/16/2019,1700,Prop Damage (over),0,0,0,0,2,Vehicle in Transport,REAR-END,Clear,Daylight,Automatic,17
Point,553,15SR032001,15.715,NON_JUNCTION,On Roadway --,,COCKE,SR032,0-NONE,1,102555650,Along Roadway,2019,11/1/2019,2201,Suspected Minor Injury,0,1,0,1,2,Vehicle in Transport,HEAD-ON,Clear,Dark-Not Lighted,Automatic,22
Point,554,15SR032001,16.006,NON_JUNCTION,On Roadway --,,COCKE,SR032,0-NONE,1,102333373,At an Intersection,2019,3/17/2019,1445,Prop Damage (over),0,0,0,0,2,Vehicle in Transport,REAR-END,Clear,Daylight,Automatic,14
Point,555,15SR032001,16.182,NON_JUNCTION,On Roadway --,,COCKE,SR032,0-NONE,1,101287496,Along Roadway,2016,7/17/2016,1405,Suspected Minor Injury,0,2,0,2,2,Other Non-Collision,NO COLLISION W/ VEHICLE,Clear,Daylight,Automatic,14
Point,556,15SR032001,16.306,NON_JUNCTION,On Roadway --,,COCKE,SR032,0-NONE,1,101646235,Along Roadway,2017,5/12/2017,2010,Prop Damage (over),0,0,0,0,2,Vehicle in Transport,HEAD-ON,Rain,Daylight,Automatic,20
Point,557,15SR032001,16.392,NON_JUNCTION,On Roadway --,,COCKE,SR032,0-NONE,1,101237275,Along Roadway,2016,6/1/2016,1302,Suspected Minor Injury,0,6,0,6,3,Vehicle in Transport,HEAD-ON,Clear,Daylight,Automatic,13
Point,558,15SR032001,16.407,NON_JUNCTION,On Roadway --,,COCKE,SR032,0-NONE,1,101858638,Along Roadway,2017,12/13/2017,1632,Suspected Minor Injury,0,2,0,2,2,Vehicle in Transport,REAR-END,Clear,Daylight,Automatic,16
Point,559,15SR032001,16.52,NON_JUNCTION,On Roadway --,,COCKE,SR032,0-NONE,1,102520325,Along Roadway,2019,9/25/2019,1951,Prop Damage (over),0,0,0,0,2,Vehicle in Transport,ANGLE,Clear,Dark-Not Lighted,Automatic,19
Point,560,15SR032001,16.586,NON_JUNCTION,On Roadway --,,COCKE,SR032,0-NONE,1,102486281,Along Roadway,2019,8/23/2019,930,Suspected Minor Injury,0,1,0,1,2,Vehicle in Transport,REAR-END,Clear,Daylight,Automatic,9
Point,561,15SR032001,16.645,NON_JUNCTION,On Roadway --,,COCKE,SR032,0-NONE,1,101188143,Along Roadway,2016,5/4/2016,1538,Suspected Minor Injury,0,2,0,2,3,Vehicle in Transport,REAR-END,Clear,Daylight,Automatic,15
Point,562,15SR032001,16.74,NON_JUNCTION,On Roadway --,,COCKE,SR032,0-NONE,1,102475551,Along Roadway,2019,8/2/2019,1341,Suspected Minor Injury,0,1,0,1,2,Vehicle in Transport,REAR-END,Clear,Daylight,Automatic,13
Point,563,15SR032001,16.904,NON_JUNCTION,On Roadway --,,COCKE,SR032,0-NONE,1,101957361,Along Roadway,2018,3/26/2018,1545,Prop Damage (over),0,0,0,0,2,Vehicle in Transport,REAR-END,Clear,Daylight,Automatic,15
Point,564,15SR032001,17.194,NON_JUNCTION,On Roadway --,,COCKE,SR032,0-NONE,1,101849615,Along Roadway,2017,11/30/2017,1205,Suspected Minor Injury,0,1,0,1,1,Overturn,NO COLLISION W/ VEHICLE,Clear,Daylight,Automatic,12
Point,565,15SR032001,17.242,NON_JUNCTION,On Roadway --,,COCKE,SR032,0-NONE,1,101328996,Along Roadway,2016,8/16/2016,1530,Prop Damage (over),0,0,0,0,2,Vehicle in Transport,REAR-END,Cloudy,Daylight,Automatic,15
Point,566,15SR032001,17.338,NON_JUNCTION,On Roadway --,,COCKE,SR032,0-NONE,1,101158855,Along Roadway,2016,4/6/2016,1537,Suspected Minor Injury,0,4,0,4,3,Vehicle in Transport,REAR-END,Clear,Daylight,Automatic,15
Point,567,15SR032001,17.417,NON_JUNCTION,On Roadway --,,COCKE,SR032,0-NONE,1,101390557,Along Roadway,2016,9/26/2016,1307,Suspected Minor Injury,0,2,0,2,2,Vehicle in Transport,ANGLE,Cloudy,Daylight,Automatic,13
Point,568,15SR032001,17.423,NON_JUNCTION,On Roadway --,,COCKE,SR032,0-NONE,1,102106883,Along Roadway,2018,8/9/2018,1720,Fatal,1,2,2,0,2,Vehicle in Transport,HEAD-ON,Cloudy,Daylight,Automatic,17
Point,569,15SR032001,17.439,NON_JUNCTION,On Roadway --,,COCKE,SR032,0-NONE,1,101593265,Along Roadway,2017,3/25/2017,843,Prop Damage (over),0,0,0,0,2,Vehicle in Transport,"SIDESWIPE, OPP DIR",Clear,Daylight,Automatic,8
Point,570,15SR032001,17.743,NON_JUNCTION,On Roadway --,,COCKE,SR032,0-NONE,1,102136060,Along Roadway,2018,9/5/2018,1140,Suspected Minor Injury,0,1,0,1,2,Vehicle in Transport,REAR-END,Clear,Daylight,Automatic,11
Point,571,15SR032001,18.134,NON_JUNCTION,On Roadway --,,COCKE,SR032,0-NONE,1,102332782,Along Roadway,2019,3/3/2019,1924,Prop Damage (over),0,0,0,0,1,Deer (Animal),NO COLLISION W/ VEHICLE,Rain,Dark-Not Lighted,Automatic,19
Point,572,15SR032001,18.211,NON_JUNCTION,On Roadway --,,COCKE,SR032,0-NONE,1,101457988,Along Roadway,2016,11/23/2016,1510,Suspected Minor Injury,0,1,0,1,1,Deer (Animal),NO COLLISION W/ VEHICLE,Cloudy,Daylight,Automatic,15
Point,794,15SR073001,3.102,NON_JUNCTION,On Roadway --,,COCKE,SR073,0-NONE,1,101185245,Along Roadway,2016,5/1/2016,1245,Suspected Minor Injury,0,2,0,2,3,Vehicle in Transport,ANGLE,Clear,Daylight,Automatic,12
Point,924,15SR032001,12.849,NON_JUNCTION,Shoulder --,,COCKE,SR032,0-NONE,1,101661908,Along Roadway,2017,5/31/2017,1400,Suspected Minor Injury,0,2,0,2,1,Standing Tree,NO COLLISION W/ VEHICLE,Clear,Daylight,Automatic,14
Point,925,15SR032001,14.877,NON_JUNCTION,Shoulder --,,COCKE,SR032,0-NONE,1,101794379,At an Intersection,2017,10/16/2017,2145,Prop Damage (over),0,0,0,0,1,Ditch,NO COLLISION W/ VEHICLE,Clear,Dark-Not Lighted,Automatic,21
Point,926,15SR032001,18.13,NON_JUNCTION,Shoulder --,,COCKE,SR032,0-NONE,1,101351545,Along Roadway,2016,9/1/2016,0,Suspected Serious Injury,0,2,1,1,2,Vehicle in Transport,HEAD-ON,Clear,DARK-UNKNOWN,LIGAutomatic,0
Point,1305,15SR032001,11.074,NON_JUNCTION,Roadside -- Left --,,COCKE,SR032,0-NONE,1,102418870,Along Roadway,2019,6/14/2019,530,Prop Damage (over),0,0,0,0,1,Earth Embankment,NO COLLISION W/ VEHICLE,Clear,Dark-Not Lighted,Automatic,5
Point,1306,15SR032001,11.715,NON_JUNCTION,Roadside -- Left --,,COCKE,SR032,0-NONE,1,102543906,Along Roadway,2019,10/20/2019,143,Prop Damage (over),0,0,0,0,1,Standing Tree,NO COLLISION W/ VEHICLE,Rain,Dark-Lighted,Automatic,1
Point,1307,15SR032001,11.742,NON_JUNCTION,Roadside -- Left --,,COCKE,SR032,0-NONE,1,102242057,Along Roadway,2018,12/10/2018,2153,Prop Damage (over),0,0,0,0,2,Vehicle in Transport,"SIDESWIPE, OPP DIR",Cloudy,Dark-Not Lighted,Automatic,21
Point,1308,15SR032001,13.914,NON_JUNCTION,Roadside -- Left --,,COCKE,SR032,0-NONE,1,101736694,Along Roadway,2017,8/20/2017,0,Prop Damage (over),0,0,0,0,1,Guardrail Face,NO COLLISION W/ VEHICLE,Clear,Daylight,Automatic,0
Point,1759,15SR032001,10.426,NON_JUNCTION,Roadside -- Righ--,,COCKE,SR032,0-NONE,1,102106863,Along Roadway,2018,8/10/2018,2030,Prop Damage (over),0,0,0,0,1,Utility Pole,NO COLLISION W/ VEHICLE,Rain,Dark-Not Lighted,Automatic,20
Point,1760,15SR032001,10.852,NON_JUNCTION,Roadside -- Righ--,,COCKE,SR032,0-NONE,1,101611780,Along Roadway,2017,3/29/2017,1436,Prop Damage (over),0,0,0,0,1,Ditch,NO COLLISION W/ VEHICLE,Clear,Daylight,Automatic,14
Point,1761,15SR032001,11.759,NON_JUNCTION,Roadside -- Righ--,,COCKE,SR032,0-NONE,1,101830546,Along Roadway,2017,11/19/2017,650,Prop Damage (over),0,0,0,0,1,Embankment Rock/Stone/Concrete,NO COLLISION W/ VEHICLE,Rain,Dark-Not Lighted,Automatic,6
Point,1762,15SR032001,11.773,NON_JUNCTION,Roadside -- Righ--,,COCKE,SR032,0-NONE,1,101862809,Along Roadway,2017,12/15/2017,1800,Prop Damage (over),0,0,0,0,1,Ditch,NO COLLISION W/ VEHICLE,Clear,Dark-Not Lighted,Automatic,18
Point,1763,15SR032001,12.552,NON_JUNCTION,Roadside -- Righ--,,COCKE,SR032,0-NONE,1,101955999,Along Roadway,2018,3/25/2018,2206,Prop Damage (over),0,0,0,0,1,Immersion,NO COLLISION W/ VEHICLE,Cloudy,Dark-Not Lighted,Automatic,22
Point,1764,15SR032001,13.055,NON_JUNCTION,Roadside -- Righ--,,COCKE,SR032,0-NONE,1,101185046,Along Roadway,2016,4/30/2016,1238,Suspected Minor Injury,0,1,0,1,1,Overturn,NO COLLISION W/ VEHICLE,Clear,Daylight,Automatic,12
Point,1765,15SR032001,13.885,NON_JUNCTION,Roadside -- Righ--,,COCKE,SR032,0-NONE,1,101570588,Along Roadway,2017,3/1/2017,1443,Suspected Minor Injury,0,1,0,1,1,Ditch,NO COLLISION W/ VEHICLE,Rain,Daylight,Automatic,14
Point,1766,15SR032001,13.928,NON_JUNCTION,Roadside -- Righ--,,COCKE,SR032,0-NONE,1,102298267,Along Roadway,2019,2/5/2019,2354,Prop Damage (over),0,0,0,0,1,Overturn,NO COLLISION W/ VEHICLE,Clear,Dark-Not Lighted,Automatic,23
Point,1767,15SR032001,14.993,NON_JUNCTION,Roadside -- Righ--,,COCKE,SR032,0-NONE,1,102223304,Along Roadway,2018,11/24/2018,0,Prop Damage (under),0,0,0,0,1,Ditch,NO COLLISION W/ VEHICLE,Clear,Dark-Not Lighted,Automatic,0
Point,1768,15SR032001,15.151,NON_JUNCTION,Roadside -- Righ--,,COCKE,SR032,0-NONE,1,101073418,Along Roadway,2016,1/7/2016,1235,Prop Damage (over),0,0,0,0,1,Culvert,NO COLLISION W/ VEHICLE,Clear,Daylight,Automatic,12
Point,1769,15SR032001,15.87,NON_JUNCTION,Roadside -- Righ--,,COCKE,SR032,0-NONE,1,102061538,Along Roadway,2018,7/2/2018,815,Suspected Minor Injury,0,1,0,1,1,Earth Embankment,NO COLLISION W/ VEHICLE,Clear,Daylight,Automatic,8
Point,1770,15SR032001,16.188,NON_JUNCTION,Roadside -- Righ--,,COCKE,SR032,0-NONE,1,102016337,Along Roadway,2018,5/20/2018,150,Prop Damage (over),0,0,0,0,1,Ditch,NO COLLISION W/ VEHICLE,Clear,Dark-Not Lighted,Automatic,1
Point,1771,15SR032001,16.388,NON_JUNCTION,Roadside -- Righ--,,COCKE,SR032,0-NONE,1,102098057,Along Roadway,2018,8/3/2018,1540,Suspected Minor Injury,0,1,0,1,1,Utility Pole,NO COLLISION W/ VEHICLE,Clear,Daylight,Automatic,15
Point,1772,15SR032001,16.44,NON_JUNCTION,Roadside -- Righ--,,COCKE,SR032,0-NONE,1,101190464,Along Roadway,2016,5/8/2016,1635,Prop Damage (over),0,0,0,0,1,Overturn,NO COLLISION W/ VEHICLE,Clear,Daylight,Automatic,16
Point,1773,15SR032001,16.482,NON_JUNCTION,Roadside -- Righ--,,COCKE,SR032,0-NONE,1,102337099,Along Roadway,2019,3/21/2019,1342,Suspected Minor Injury,0,1,0,1,1,Overturn,NO COLLISION W/ VEHICLE,Cloudy,Daylight,Automatic,13
Point,1774,15SR032001,16.769,NON_JUNCTION,Roadside -- Righ--,,COCKE,SR032,0-NONE,1,102159755,Along Roadway,2018,9/27/2018,0,Prop Damage (over),0,0,0,0,1,Culvert,NO COLLISION W/ VEHICLE,Rain,Dark-Not Lighted,Automatic,0
Point,1775,15SR032001,16.826,NON_JUNCTION,Roadside -- Righ--,,COCKE,SR032,0-NONE,1,101134347,Along Roadway,2016,3/15/2016,1310,Suspected Minor Injury,0,1,0,1,1,Culvert,NO COLLISION W/ VEHICLE,Clear,Daylight,Automatic,13
Point,1776,15SR032001,17.237,NON_JUNCTION,Roadside -- Righ--,,COCKE,SR032,0-NONE,1,102023139,Along Roadway,2018,5/25/2018,1040,Prop Damage (over),0,0,0,0,1,"Other Post, Pole, Supports",NO COLLISION W/ VEHICLE,Clear,Daylight,Automatic,10
Point,1777,15SR032001,17.371,NON_JUNCTION,Roadside -- Righ--,,COCKE,SR032,0-NONE,1,102446819,Along Roadway,2019,7/11/2019,1035,Suspected Serious Injury,0,1,1,0,1,Earth Embankment,NO COLLISION W/ VEHICLE,Clear,Daylight,Automatic,10
Point,1778,15SR032001,17.374,NON_JUNCTION,Roadside -- Righ--,,COCKE,SR032,0-NONE,1,101917364,Along Roadway,2018,2/15/2018,2051,Prop Damage (over),0,0,0,0,1,Earth Embankment,NO COLLISION W/ VEHICLE,Clear,Dark-Not Lighted,Automatic,20
Point,1779,15SR032001,17.444,NON_JUNCTION,Roadside -- Righ--,,COCKE,SR032,0-NONE,1,101463941,Along Roadway,2016,11/26/2016,615,Prop Damage (over),0,0,0,0,1,Unknown Harmful Event,UNKNOWN,Clear,Dark-Not Lighted,Automatic,6
Point,1780,15SR032001,17.546,NON_JUNCTION,Roadside -- Righ--,,COCKE,SR032,0-NONE,1,102052437,Along Roadway,2018,6/22/2018,1630,Suspected Minor Injury,0,1,0,1,1,Earth Embankment,NO COLLISION W/ VEHICLE,Clear,Daylight,Automatic,16
Point,1781,15SR032001,17.573,NON_JUNCTION,Roadside -- Righ--,,COCKE,SR032,0-NONE,1,101544895,Along Roadway,2017,2/3/2017,2343,Prop Damage (over),0,0,0,0,1,Earth Embankment,NO COLLISION W/ VEHICLE,Clear,Dark-Not Lighted,Automatic,23
Point,1782,15SR032001,18.073,NON_JUNCTION,Roadside -- Righ--,,COCKE,SR032,0-NONE,1,101876330,Along Roadway,2017,12/31/2017,1655,Prop Damage (over),0,0,0,0,1,Bridge Peir/Abutment,NO COLLISION W/ VEHICLE,Snow,Dusk,Automatic,16
Point,1906,15SR032001,12.563,NON_JUNCTION,Off Roadway -- L--,,COCKE,SR032,0-NONE,1,102548102,Along Roadway,2019,10/25/2019,419,Suspected Minor Injury,0,1,0,1,1,Other Non-Collision,NO COLLISION W/ VEHICLE,Clear,Dark-Not Lighted,Automatic,4
Point,1939,15SR032001,11.833,NON_JUNCTION,Outside Trafficw--,,COCKE,SR032,0-NONE,1,102332841,Along Roadway,2019,3/16/2019,2145,Suspected Minor Injury,0,3,0,3,1,Overturn,NO COLLISION W/ VEHICLE,Clear,Dark-Not Lighted,Automatic,21
Point,1961,15SR032001,11.744,NON_JUNCTION,OTHER,--,COCKE,SR032,0-NONE,1,102019218,Along Roadway,2018,5/22/2018,140,Suspected Minor Injury,0,1,0,1,1,Earth Embankment,NO COLLISION W/ VEHICLE,Clear,Dark-Not Lighted,Automatic,1
Point,2802,15SR032001,11.177,NON_JUNCTION,--,--,COCKE,SR032,0-NONE,1,102179561,Along Roadway,2018,10/15/2018,1455,Prop Damage (over),0,0,0,0,2,Vehicle in Transport,REAR-END,Clear,Daylight,Automatic,14
Point,2803,15SR032001,11.443,NON_JUNCTION,--,--,COCKE,SR032,0-NONE,1,102132338,Along Roadway,2018,9/3/2018,635,Prop Damage (over),0,0,0,0,1,Other Animal,NO COLLISION W/ VEHICLE,Clear,Dawn,Automatic,6
Point,2804,15SR032001,11.715,NON_JUNCTION,--,--,COCKE,SR032,0-NONE,1,101861166,Along Roadway,2017,12/16/2017,630,Prop Damage (over),0,0,0,0,1,Deer (Animal),NO COLLISION W/ VEHICLE,Clear,Dark-Not Lighted,Automatic,6
Point,2805,15SR032001,11.742,NON_JUNCTION,--,--,COCKE,SR032,0-NONE,1,102076856,Along Roadway,2018,7/16/2018,2007,Prop Damage (over),0,0,0,0,1,Earth Embankment,NO COLLISION W/ VEHICLE,Cloudy,Daylight,Automatic,20
Point,2806,15SR032001,12.039,NON_JUNCTION,--,--,COCKE,SR032,0-NONE,1,101926086,Along Roadway,2018,2/24/2018,1704,Prop Damage (over),0,0,0,0,2,Vehicle in Transport,ANGLE,Clear,Daylight,Automatic,17
Point,2807,15SR032001,12.15,NON_JUNCTION,--,--,COCKE,SR032,0-NONE,1,102099818,Along Roadway,2018,8/5/2018,1738,Prop Damage (over),0,0,0,0,2,Vehicle in Transport,REAR-END,Clear,Daylight,Automatic,17
Point,2808,15SR032001,12.169,NON_JUNCTION,--,--,COCKE,SR032,0-NONE,1,102203872,Along Roadway,2018,11/7/2018,1743,Prop Damage (over),0,0,0,0,2,Vehicle in Transport,REAR-END,Cloudy,Dark-Not Lighted,Automatic,17
Point,2809,15SR032001,12.308,NON_JUNCTION,--,--,COCKE,SR032,0-NONE,1,101240964,Along Roadway,2016,6/7/2016,1614,Prop Damage (over),0,0,0,0,2,Parked Motor Vehicle,ANGLE,Clear,Daylight,Automatic,16
Point,2810,15SR032001,12.397,NON_JUNCTION,--,--,COCKE,SR032,0-NONE,1,101863483,Along Roadway,2017,11/15/2017,0,Prop Damage (over),0,0,0,0,2,Shrubbery,NO COLLISION W/ VEHICLE,Clear,Daylight,Automatic,0
Point,2811,15SR032001,12.859,NON_JUNCTION,--,--,COCKE,SR032,0-NONE,1,101906546,Along Roadway,2018,2/4/2018,1152,Prop Damage (over),0,0,0,0,2,Vehicle in Transport,REAR-END,Rain,Daylight,Automatic,11
Point,2812,15SR032001,12.885,NON_JUNCTION,--,--,COCKE,SR032,0-NONE,1,101941387,At an Intersection,2018,3/8/2018,1550,Prop Damage (over),0,0,0,0,2,Vehicle in Transport,REAR-END,Cloudy,Daylight,Automatic,15
Point,2813,15SR032001,13.055,NON_JUNCTION,--,--,COCKE,SR032,0-NONE,1,101126525,Along Roadway,2016,3/2/2016,1756,Prop Damage (over),0,0,0,0,2,Vehicle in Transport,ANGLE,Clear,Daylight,Automatic,17
Point,2814,15SR032001,13.157,NON_JUNCTION,--,--,COCKE,SR032,0-NONE,1,102517096,Along Roadway,2019,9/20/2019,1335,Prop Damage (over),0,0,0,0,2,Vehicle in Transport,REAR-END,Clear,Daylight,Automatic,13
Point,2815,15SR032001,13.194,NON_JUNCTION,--,--,COCKE,SR032,0-NONE,1,101736298,Along Roadway,2017,8/17/2017,640,Prop Damage (over),0,0,0,0,1,Deer (Animal),NO COLLISION W/ VEHICLE,Clear,Daylight,Automatic,6
Point,2816,15SR032001,13.212,NON_JUNCTION,--,--,COCKE,SR032,0-NONE,1,102055263,Along Roadway,2018,6/23/2018,1410,Prop Damage (over),0,0,0,0,2,Vehicle in Transport,REAR-END,Clear,Daylight,Automatic,14
Point,2817,15SR032001,13.376,NON_JUNCTION,--,--,COCKE,SR032,0-NONE,1,102602268,Along Roadway,2019,12/19/2019,1708,Prop Damage (over),0,0,0,0,1,Other Animal,NO COLLISION W/ VEHICLE,Clear,Daylight,Automatic,17
Point,2818,15SR032001,13.422,NON_JUNCTION,--,--,COCKE,SR032,0-NONE,1,102577184,Along Roadway,2019,11/23/2019,1030,Prop Damage (over),0,0,0,0,1,Standing Tree,NO COLLISION W/ VEHICLE,Rain,Daylight,Automatic,10
Point,2819,15SR032001,13.583,NON_JUNCTION,--,--,COCKE,SR032,0-NONE,1,101802116,Along Roadway,2017,10/24/2017,824,Prop Damage (over),0,0,0,0,2,Vehicle in Transport,ANGLE,Cloudy,Daylight,Automatic,8
Point,2820,15SR032001,13.637,NON_JUNCTION,--,--,COCKE,SR032,0-NONE,1,101357470,Along Roadway,2016,9/9/2016,654,Prop Damage (over),0,0,0,0,1,Deer (Animal),NO COLLISION W/ VEHICLE,Clear,Dawn,Automatic,6
Point,2821,15SR032001,13.763,NON_JUNCTION,--,--,COCKE,SR032,0-NONE,1,101407577,Along Roadway,2016,10/18/2016,1925,Prop Damage (over),0,0,0,0,1,Deer (Animal),NO COLLISION W/ VEHICLE,Clear,Dark-Not Lighted,Automatic,19
Point,2822,15SR032001,13.838,NON_JUNCTION,--,--,COCKE,SR032,0-NONE,1,102224083,Along Roadway,2018,11/25/2018,1823,Prop Damage (over),0,0,0,0,1,Deer (Animal),NO COLLISION W/ VEHICLE,Clear,Dark-Not Lighted,Automatic,18
Point,2823,15SR032001,13.95,NON_JUNCTION,--,--,COCKE,SR032,0-NONE,1,101992490,Along Roadway,2018,4/28/2018,935,Prop Damage (over),0,0,0,0,1,Guardrail Face,NO COLLISION W/ VEHICLE,--,Daylight,Automatic,9
Point,2824,15SR032001,14.103,NON_JUNCTION,--,--,COCKE,SR032,0-NONE,1,101588278,Along Roadway,2017,3/19/2017,30,Prop Damage (over),0,0,0,0,1,Deer (Animal),NO COLLISION W/ VEHICLE,Clear,Dark-Not Lighted,Automatic,0
Point,2825,15SR032001,14.261,NON_JUNCTION,--,--,COCKE,SR032,0-NONE,1,102332781,Along Roadway,2019,3/16/2019,1848,Prop Damage (over),0,0,0,0,2,Vehicle in Transport,REAR-END,Clear,Daylight,Automatic,18
Point,2826,15SR032001,14.462,NON_JUNCTION,--,--,COCKE,SR032,0-NONE,1,101462546,Along Roadway,2016,11/29/2016,40,Prop Damage (over),0,0,0,0,1,Deer (Animal),NO COLLISION W/ VEHICLE,Rain,DARK-UNKNOWN,LIGAutomatic,0
Point,2827,15SR032001,14.541,NON_JUNCTION,--,--,COCKE,SR032,0-NONE,1,101360707,Along Roadway,2016,9/14/2016,800,Prop Damage (over),0,0,0,0,2,Vehicle in Transport,REAR-END,Clear,Dawn,Automatic,8
Point,2828,15SR032001,14.56,NON_JUNCTION,--,--,COCKE,SR032,0-NONE,1,101908140,Along Roadway,2018,2/5/2018,1315,Prop Damage (over),0,0,0,0,2,Vehicle in Transport,"SIDESWIPE, OPP DIR",Clear,Daylight,Automatic,13
Point,2829,15SR032001,14.691,NON_JUNCTION,--,--,COCKE,SR032,0-NONE,1,101585089,Along Roadway,2017,3/16/2017,2042,Prop Damage (over),0,0,0,0,2,Vehicle in Transport,"SIDESWIPE, OPP DIR",Clear,Dark-Not Lighted,Automatic,20
Point,2830,15SR032001,14.837,NON_JUNCTION,--,--,COCKE,SR032,0-NONE,1,101278184,Along Roadway,2016,7/2/2016,1655,Prop Damage (over),0,0,0,0,2,Vehicle in Transport,REAR-END,Clear,Daylight,Automatic,16
Point,2831,15SR032001,14.876,NON_JUNCTION,--,--,COCKE,SR032,0-NONE,1,102003645,Along Roadway,2018,5/3/2018,1240,Prop Damage (over),0,0,0,0,2,Vehicle in Transport,REAR-END,Clear,Daylight,Automatic,12
Point,2832,15SR032001,14.927,NON_JUNCTION,--,--,COCKE,SR032,0-NONE,1,101964022,Along Roadway,2018,4/1/2018,1752,Prop Damage (over),0,0,0,0,1,Ditch,NO COLLISION W/ VEHICLE,Clear,Daylight,Automatic,17
Point,2833,15SR032001,15.164,NON_JUNCTION,--,--,COCKE,SR032,0-NONE,1,101749689,Along Roadway,2017,9/3/2017,755,Prop Damage (over),0,0,0,0,2,Vehicle in Transport,"SIDESWIPE, SAME DIR",Clear,Daylight,Automatic,7
Point,2834,15SR032001,15.467,NON_JUNCTION,--,--,COCKE,SR032,0-NONE,1,101775532,Along Roadway,2017,9/26/2017,1642,Prop Damage (over),0,0,0,0,2,Vehicle in Transport,REAR-END,Clear,Daylight,Automatic,16
Point,2835,15SR032001,15.492,NON_JUNCTION,--,--,COCKE,SR032,0-NONE,1,102355777,Along Roadway,2019,4/10/2019,830,Prop Damage (over),0,0,0,0,2,Vehicle in Transport,REAR-END,Clear,Daylight,Automatic,8
Point,2836,15SR032001,15.54,NON_JUNCTION,--,--,COCKE,SR032,0-NONE,1,101074433,At an Intersection,2016,1/8/2016,1600,Prop Damage (over),0,0,0,0,1,Mail Box,NO COLLISION W/ VEHICLE,Clear,Daylight,Automatic,16
Point,2837,15SR032001,15.554,NON_JUNCTION,--,--,COCKE,SR032,0-NONE,1,101698148,Along Roadway,2017,7/10/2017,1620,Prop Damage (over),0,0,0,0,2,Vehicle in Transport,REAR-END,Clear,Daylight,Automatic,16
Point,2838,15SR032001,15.598,NON_JUNCTION,--,--,COCKE,SR032,0-NONE,1,102543145,Along Roadway,2019,10/19/2019,530,Prop Damage (over),0,0,0,0,2,Vehicle in Transport,REAR-END,Rain,Daylight,Automatic,5
Point,2839,15SR032001,15.674,NON_JUNCTION,--,--,COCKE,SR032,0-NONE,1,102357249,Along Roadway,2019,4/5/2019,2021,Prop Damage (over),0,0,0,0,2,Vehicle in Transport,REAR-END,Clear,Dark-Not Lighted,Automatic,20
Point,2840,15SR032001,15.693,NON_JUNCTION,--,--,COCKE,SR032,0-NONE,1,101896119,At an Intersection,2018,1/24/2018,1618,Prop Damage (over),0,0,0,0,2,Vehicle in Transport,REAR-END,Clear,Daylight,Automatic,16
Point,2841,15SR032001,15.698,NON_JUNCTION,--,--,COCKE,SR032,0-NONE,1,101941625,Along Roadway,2018,3/8/2018,1536,Prop Damage (over),0,0,0,0,2,Vehicle in Transport,REAR-END,Cloudy,Daylight,Automatic,15
Point,2842,15SR032001,15.751,NON_JUNCTION,--,--,COCKE,SR032,0-NONE,1,102589169,Along Roadway,2019,12/5/2019,1600,Prop Damage (over),0,0,0,0,2,Vehicle in Transport,REAR-END,Clear,Daylight,Automatic,16
Point,2843,15SR032001,15.8,NON_JUNCTION,--,--,COCKE,SR032,0-NONE,1,102351672,Along Roadway,2019,4/5/2019,2003,Prop Damage (over),0,0,0,0,2,Vehicle in Transport,REAR-END,Clear,Daylight,Automatic,20
Point,2844,15SR032001,15.813,NON_JUNCTION,--,--,COCKE,SR032,0-NONE,1,101363083,Along Roadway,2016,9/16/2016,1532,Prop Damage (over),0,0,0,0,2,Vehicle in Transport,REAR-END,Cloudy,Daylight,Automatic,15
Point,2845,15SR032001,16.096,NON_JUNCTION,--,--,COCKE,SR032,0-NONE,1,101628962,Along Roadway,2017,4/28/2017,1645,Prop Damage (over),0,0,0,0,2,Vehicle in Transport,REAR-END,Clear,Daylight,Automatic,16
Point,2846,15SR032001,16.099,NON_JUNCTION,--,--,COCKE,SR032,0-NONE,1,102012068,Along Roadway,2018,5/15/2018,2152,Prop Damage (over),0,0,0,0,1,Other Animal,NO COLLISION W/ VEHICLE,Cloudy,Dark-Not Lighted,Automatic,21
Point,2847,15SR032001,16.174,NON_JUNCTION,--,--,COCKE,SR032,0-NONE,1,101431782,Along Roadway,2016,10/31/2016,730,Prop Damage (over),0,0,0,0,1,Deer (Animal),NO COLLISION W/ VEHICLE,Clear,Dawn,Automatic,7
Point,2848,15SR032001,16.811,NON_JUNCTION,--,--,COCKE,SR032,0-NONE,1,102199802,Along Roadway,2018,11/3/2018,1900,Prop Damage (over),0,0,0,0,2,Vehicle in Transport,"SIDESWIPE, SAME DIR",Clear,Dark-Not Lighted,Automatic,19
Point,2849,15SR032001,16.903,NON_JUNCTION,--,--,COCKE,SR032,0-NONE,1,101822984,Along Roadway,2017,11/11/2017,1610,Prop Damage (over),0,0,0,0,2,Vehicle in Transport,REAR-END,Clear,Daylight,Automatic,16
Point,2850,15SR032001,17.187,NON_JUNCTION,--,--,COCKE,SR032,0-NONE,1,101935111,Along Roadway,2018,3/6/2018,750,Prop Damage (over),0,0,0,0,4,Vehicle in Transport,REAR-END,Rain,Daylight,Automatic,7
Point,2851,15SR032001,17.328,NON_JUNCTION,--,--,COCKE,SR032,0-NONE,1,101541638,Along Roadway,2017,2/1/2017,1530,Prop Damage (over),0,0,0,0,2,Vehicle in Transport,REAR-END,Clear,Daylight,Automatic,15
Point,2852,15SR032001,17.342,NON_JUNCTION,--,--,COCKE,SR032,0-NONE,1,102133706,At an Intersection,2018,9/4/2018,1640,Prop Damage (over),0,0,0,0,2,Vehicle in Transport,REAR-END,Clear,Daylight,Automatic,16
Point,2853,15SR032001,17.423,NON_JUNCTION,--,--,COCKE,SR032,0-NONE,1,101609555,Along Roadway,2017,4/10/2017,218,Prop Damage (over),0,0,0,0,1,Deer (Animal),NO COLLISION W/ VEHICLE,Clear,Dark-Not Lighted,Automatic,2
Point,2854,15SR032001,17.784,NON_JUNCTION,--,--,COCKE,SR032,0-NONE,1,101575339,Along Roadway,2017,3/6/2017,2135,Prop Damage (over),0,0,0,0,2,Vehicle in Transport,"SIDESWIPE, SAME DIR",Clear,Dark-Not Lighted,Automatic,21
Point,2855,15SR032001,17.806,NON_JUNCTION,--,--,COCKE,SR032,0-NONE,1,102307213,Along Roadway,2019,2/11/2019,1834,Prop Damage (over),0,0,0,0,2,Vehicle in Transport,ANGLE,Rain,Dark-Lighted,Automatic,18
Point,2856,15SR032001,17.843,NON_JUNCTION,--,--,COCKE,SR032,0-NONE,1,101566038,Along Roadway,2017,2/24/2017,1800,Prop Damage (over),0,0,0,0,2,Vehicle in Transport,REAR-END,Clear,Daylight,Automatic,18
Point,2857,15SR032001,17.851,NON_JUNCTION,--,--,COCKE,SR032,0-NONE,1,102109743,Along Roadway,2018,8/12/2018,0,Prop Damage (over),0,0,0,0,2,Motor Vehicle-In-Motion Outside Trafficway,UNKNOWN,Clear,Daylight,Automatic,0
Point,2858,15SR032001,17.994,NON_JUNCTION,--,--,COCKE,SR032,0-NONE,1,102101613,Along Roadway,2018,8/6/2018,1842,Prop Damage (over),0,0,0,0,2,Vehicle in Transport,REAR-END,Clear,Daylight,Automatic,18
Point,3388,15SR032001,11.07,INTERSECTION,On Roadway,--,COCKE,SR032,0-NONE,1,101754251,At an Intersection,2017,9/7/2017,2007,Suspected Minor Injury,0,1,0,1,2,Vehicle in Transport,ANGLE,Clear,Dark-Lighted,Automatic,20
Point,3389,15SR032001,11.07,INTERSECTION,On Roadway,--,COCKE,SR032,0-NONE,1,101903955,At an Intersection,2018,1/30/2018,1210,Prop Damage (over),0,0,0,0,3,Vehicle in Transport,"SIDESWIPE, OPP DIR",Clear,Daylight,Automatic,12
Point,3390,15SR032001,11.07,INTERSECTION,On Roadway,--,COCKE,SR032,0-NONE,1,102340995,At an Intersection,2019,3/21/2019,1000,Prop Damage (under),0,0,0,0,2,Vehicle in Transport,REAR-END,Clear,Daylight,Automatic,10
Point,3391,15SR032001,12.885,INTERSECTION,On Roadway,--,COCKE,SR032,0-NONE,1,102133052,At an Intersection,2018,9/3/2018,1650,Suspected Minor Injury,0,2,0,2,2,Vehicle in Transport,ANGLE,Clear,Daylight,Automatic,16
Point,3392,15SR032001,13.04,INTERSECTION,On Roadway,--,COCKE,SR032,0-NONE,1,101645459,At an Intersection,2017,5/12/2017,1955,Suspected Minor Injury,0,1,0,1,2,Vehicle in Transport,ANGLE,Cloudy,Dark-Not Lighted,Automatic,19
Point,3393,15SR032001,13.04,INTERSECTION,On Roadway,--,COCKE,SR032,0-NONE,1,101861599,At an Intersection,2017,12/16/2017,1220,Suspected Minor Injury,0,4,0,4,2,Vehicle in Transport,ANGLE,Clear,Daylight,Automatic,12
Point,3394,15SR032001,13.04,INTERSECTION,On Roadway,--,COCKE,SR032,0-NONE,1,102225140,At an Intersection,2018,11/22/2018,1825,Suspected Serious Injury,0,3,2,1,2,Vehicle in Transport,ANGLE,Clear,Dark-Not Lighted,Automatic,18
Point,3395,15SR032001,13.611,INTERSECTION,On Roadway,--,COCKE,SR032,0-NONE,1,102337525,At an Intersection,2019,3/19/2019,1625,Suspected Minor Injury,0,1,0,1,4,Vehicle in Transport,REAR-END,Clear,Daylight,Automatic,16
Point,3396,15SR032001,15.386,INTERSECTION,On Roadway,--,COCKE,SR032,0-NONE,1,102033818,At an Intersection,2018,6/4/2018,1519,Suspected Minor Injury,0,2,0,2,2,Vehicle in Transport,ANGLE,Clear,Daylight,Automatic,15
Point,3397,15SR032001,16.006,INTERSECTION,On Roadway,--,COCKE,SR032,0-NONE,1,101077996,At an Intersection,2016,1/15/2016,1440,Prop Damage (over),0,0,0,0,2,Vehicle in Transport,REAR-END,Rain,Daylight,Automatic,14
Point,3398,15SR032001,16.234,INTERSECTION,On Roadway,--,COCKE,SR032,0-NONE,1,101965184,At an Intersection,2018,4/2/2018,1605,Suspected Minor Injury,0,1,0,1,2,Vehicle in Transport,REAR-END,Clear,Daylight,Automatic,16
Point,3399,15SR032001,17.342,INTERSECTION,On Roadway,--,COCKE,SR032,0-NONE,1,101684242,At an Intersection,2017,6/26/2017,1144,Suspected Minor Injury,0,3,0,3,2,Vehicle in Transport,"SIDESWIPE, SAME DIR",Clear,Daylight,Automatic,11
Point,3400,15SR032001,17.342,INTERSECTION,On Roadway,--,COCKE,SR032,0-NONE,1,101992253,At an Intersection,2018,4/27/2018,1648,Prop Damage (over),0,0,0,0,2,Vehicle in Transport,ANGLE,Clear,Daylight,Automatic,16
Point,3401,15SR032001,17.84,INTERSECTION,On Roadway,--,COCKE,SR032,0-NONE,1,101861017,At an Intersection,2017,12/16/2017,2045,Suspected Minor Injury,0,1,0,1,2,Vehicle in Transport,ANGLE,Clear,Dark-Not Lighted,Automatic,20
Point,3402,15SR032001,17.84,INTERSECTION,On Roadway,--,COCKE,SR032,0-NONE,1,101993464,At an Intersection,2018,4/27/2018,0,Suspected Minor Injury,0,1,0,1,2,Vehicle in Transport,ANGLE,Clear,Daylight,Automatic,0
Point,3403,15SR032001,17.84,INTERSECTION,On Roadway,--,COCKE,SR032,0-NONE,1,102049887,At an Intersection,2018,6/19/2018,2005,Suspected Minor Injury,0,1,0,1,2,Vehicle in Transport,ANGLE,Clear,Daylight,Automatic,20
Point,3404,15SR032001,17.84,INTERSECTION,On Roadway,--,COCKE,SR032,0-NONE,1,102173735,At an Intersection,2018,10/11/2018,740,Prop Damage (over),0,0,0,0,2,Vehicle in Transport,ANGLE,Rain,Daylight,Automatic,7
Point,3405,15SR032001,17.84,INTERSECTION,On Roadway,--,COCKE,SR032,0-NONE,1,102194060,At an Intersection,2018,10/29/2018,1701,Prop Damage (over),0,0,0,0,2,Vehicle in Transport,ANGLE,Clear,Daylight,Automatic,17
Point,3406,15SR032001,17.84,INTERSECTION,On Roadway,--,COCKE,SR032,0-NONE,1,102357362,At an Intersection,2019,4/10/2019,1547,Prop Damage (over),0,0,0,0,2,Vehicle in Transport,ANGLE,Clear,Daylight,Automatic,15
Point,3407,15SR032001,17.84,INTERSECTION,On Roadway,--,COCKE,SR032,0-NONE,1,102572300,At an Intersection,2019,11/18/2019,1519,Suspected Minor Injury,0,4,0,4,2,Vehicle in Transport,"SIDESWIPE, OPP DIR",Clear,Daylight,Automatic,15
Point,3408,15SR032001,17.95,INTERSECTION,On Roadway,--,COCKE,SR032,0-NONE,1,102149584,At an Intersection,2018,9/14/2018,756,Prop Damage (over),0,0,0,0,2,Vehicle in Transport,ANGLE,Fog,Daylight,Automatic,7
Point,3409,15SR032001,17.95,INTERSECTION,On Roadway,--,COCKE,SR032,0-NONE,1,102488364,At an Intersection,2019,8/25/2019,1110,Prop Damage (over),0,0,0,0,2,Vehicle in Transport,REAR-END,Clear,Daylight,Automatic,11
Point,3410,15SR032001,17.95,INTERSECTION,On Roadway,--,COCKE,SR032,0-NONE,1,102550766,At an Intersection,2019,10/27/2019,1630,Prop Damage (over),0,0,0,0,3,Vehicle in Transport,ANGLE,Clear,Daylight,Automatic,16
Point,3522,15SR032001,16.09,INTERSECTION,Shoulder,--,COCKE,SR032,0-NONE,1,101899645,At an Intersection,2018,1/28/2018,840,Prop Damage (over),0,0,0,0,1,Earth Embankment,NO COLLISION W/ VEHICLE,Rain,Dawn,Automatic,8
Point,3527,15SR032001,15.786,INTERSECTION,Roadside -- Left --,,COCKE,SR032,0-NONE,1,101131699,At an Intersection,2016,3/11/2016,116,Prop Damage (over),0,0,0,0,1,Guardrail Face,NO COLLISION W/ VEHICLE,Clear,Dark-Not Lighted,Automatic,1
Point,3540,15SR032001,15.786,INTERSECTION,Roadside -- Righ--,,COCKE,SR032,0-NONE,1,101705222,At an Intersection,2017,7/15/2017,2047,Prop Damage (over),0,0,0,0,1,Standing Tree,NO COLLISION W/ VEHICLE,Clear,Daylight,Automatic,20
Point,3541,15SR032001,17.84,INTERSECTION,Roadside -- Righ--,,COCKE,SR032,0-NONE,1,102038922,At an Intersection,2018,6/9/2018,931,Prop Damage (over),0,0,0,0,1,Earth Embankment,NO COLLISION W/ VEHICLE,Clear,Daylight,Automatic,9
Point,3549,15SR032001,17.95,INTERSECTION,Off Roadway -- L--,,COCKE,SR032,0-NONE,1,101423712,At an Intersection,2016,10/26/2016,2244,Prop Damage (over),0,0,0,0,1,Earth Embankment,NO COLLISION W/ VEHICLE,Clear,Dark-Not Lighted,Automatic,22
Point,3557,15SR032001,17.84,INTERSECTION,OTHER,--,COCKE,SR032,0-NONE,1,102279387,At an Intersection,2019,1/16/2019,2108,Prop Damage (over),0,0,0,0,1,Earth Embankment,NO COLLISION W/ VEHICLE,Clear,Dark-Not Lighted,Automatic,21
Point,3733,15SR032001,12.885,INTERSECTION,--,--,COCKE,SR032,0-NONE,1,101596821,At an Intersection,2017,3/26/2017,1315,Prop Damage (over),0,0,0,0,2,Vehicle in Transport,REAR-END,Clear,Daylight,Automatic,13
Point,3734,15SR032001,13.04,INTERSECTION,--,--,COCKE,SR032,0-NONE,1,102210189,At an Intersection,2018,11/13/2018,1231,Prop Damage (over),0,0,0,0,2,Vehicle in Transport,ANGLE,Rain,Daylight,Automatic,12
Point,3735,15SR032001,13.04,INTERSECTION,--,--,COCKE,SR032,0-NONE,1,102295297,At an Intersection,2019,2/2/2019,1500,Prop Damage (over),0,0,0,0,2,Vehicle in Transport,ANGLE,Clear,Daylight,Automatic,15
Point,3736,15SR032001,16.09,INTERSECTION,--,--,COCKE,SR032,0-NONE,1,101631662,At an Intersection,2017,5/1/2017,1830,Prop Damage (over),0,0,0,0,2,Vehicle in Transport,REAR-END,Clear,Daylight,Automatic,18
Point,3737,15SR032001,16.09,INTERSECTION,--,--,COCKE,SR032,0-NONE,1,101816190,At an Intersection,2017,11/4/2017,1535,Prop Damage (over),0,0,0,0,2,Vehicle in Transport,REAR-END,Clear,Daylight,Automatic,15
Point,3738,15SR032001,17.84,INTERSECTION,--,--,COCKE,SR032,0-NONE,1,101188149,At an Intersection,2016,5/5/2016,1439,Prop Damage (over),0,0,0,0,2,Vehicle in Transport,REAR-END,Rain,Daylight,Automatic,14
Point,3739,15SR032001,17.95,INTERSECTION,--,--,COCKE,SR032,0-NONE,1,101704040,At an Intersection,2017,7/17/2017,1645,Prop Damage (over),0,0,0,0,2,Vehicle in Transport,REAR-END,Clear,Daylight,Automatic,16
Point,3740,15SR032001,17.95,INTERSECTION,--,--,COCKE,SR032,0-NONE,1,101794270,At an Intersection,2017,10/16/2017,2138,Prop Damage (over),0,0,0,0,1,Deer (Animal),NO COLLISION W/ VEHICLE,Clear,Dark-Lighted,Automatic,21
Point,3877,15SR032001,13.611,INTERSECTION RELAOn Roadway,,--,COCKE,SR032,0-NONE,1,101455338,At an Intersection,2016,11/20/2016,1550,Prop Damage (over),0,0,0,0,2,Vehicle in Transport,REAR-END,Clear,Daylight,Automatic,15
Point,3878,15SR032001,14.133,INTERSECTION RELAOn Roadway,,--,COCKE,SR032,0-NONE,1,101985439,At an Intersection,2018,4/20/2018,1705,Prop Damage (over),0,0,0,0,3,Vehicle in Transport,REAR-END,Clear,Daylight,Automatic,17
Point,3937,15SR032001,10.355,INTERSECTION RELARoadside -- Righ--,,,COCKE,SR032,0-NONE,1,102307250,At an Intersection,2019,2/15/2019,2217,Prop Damage (over),0,0,0,0,2,Vehicle in Transport,"SIDESWIPE, SAME DIR",Rain,Dark-Lighted,Automatic,22
Point,3998,15SR032001,15.54,INTERSECTION RELA--,,--,COCKE,SR032,0-NONE,1,101156320,At an Intersection,2016,3/29/2016,1748,Prop Damage (over),0,0,0,0,2,Vehicle in Transport,OTHER,Clear,Daylight,Automatic,17
Point,3999,15SR032001,15.54,INTERSECTION RELA--,,--,COCKE,SR032,0-NONE,1,101481507,At an Intersection,2016,12/16/2016,936,Prop Damage (over),0,0,0,0,2,Vehicle in Transport,ANGLE,Clear,Daylight,Automatic,9
Point,4000,15SR032001,17.342,INTERSECTION RELA--,,--,COCKE,SR032,0-NONE,1,102370263,At an Intersection,2019,4/19/2019,1625,Prop Damage (over),0,0,0,0,4,Vehicle in Transport,REAR-END,Clear,Daylight,Automatic,16
Point,4001,15SR032001,17.95,INTERSECTION RELA--,,--,COCKE,SR032,0-NONE,1,101454011,At an Intersection,2016,11/18/2016,1850,Prop Damage (over),0,0,0,0,2,Vehicle in Transport,REAR-END,Cloudy,Dark-Not Lighted,Automatic,18
Point,4131,15SR032001,14.851,"DRIVEWAY, ALLEY ACOn Roadway",,--,COCKE,SR032,0-NONE,1,101800200,Along Roadway,2017,10/21/2017,1310,Suspected Minor Injury,0,4,0,4,3,Vehicle in Transport,REAR-END,Clear,Daylight,Automatic,13
Point,4132,15SR032001,15.319,"DRIVEWAY, ALLEY ACOn Roadway",,--,COCKE,SR032,0-NONE,1,102427252,Along Roadway,2019,6/19/2019,640,Prop Damage (over),0,0,0,0,2,Vehicle in Transport,ANGLE,Clear,Daylight,Automatic,6
Point,4180,15SR032001,13.619,"DRIVEWAY, ALLEY AC--",,--,COCKE,SR032,0-NONE,1,101507477,Along Roadway,2017,1/17/2017,700,Prop Damage (over),0,0,0,0,2,Vehicle in Transport,UNKNOWN,Cloudy,Daylight,Automatic,7
Point,4209,15SR032001,14.365,OTHER,Roadside -- Righ--,,COCKE,SR032,0-NONE,1,101731884,Along Roadway,2017,8/14/2017,1808,Prop Damage (over),0,0,0,0,1,Ditch,NO COLLISION W/ VEHICLE,Rain,Dark-Lighted,Automatic,18
Point,4211,15SR032001,13.023,OTHER,Outside Trafficw--,,COCKE,SR032,0-NONE,1,102248763,Along Roadway,2018,12/16/2018,325,Prop Damage (over),0,0,0,0,1,Other Fixed Object,NO COLLISION W/ VEHICLE,Cloudy,Dark-Not Lighted,Automatic,3
Point,4217,15SR032001,16.521,OTHER,--,--,COCKE,SR032,0-NONE,1,101768121,Along Roadway,2017,9/13/2017,1430,Prop Damage (over),0,0,0,0,2,Vehicle in Transport,REAR-END,Clear,Daylight,Automatic,14
Point,4218,15SR032001,17.666,OTHER,--,--,COCKE,SR032,0-NONE,1,101823214,Along Roadway,2017,11/12/2017,1040,Prop Damage (over),0,0,0,0,2,Vehicle in Transport,ANGLE,Clear,Daylight,Automatic,10
Point,4219,15SR032001,17.833,OTHER,--,--,COCKE,SR032,0-NONE,1,102163041,Along Roadway,2018,9/30/2018,1225,Prop Damage (over),0,0,0,0,2,Vehicle in Transport in other Roadway,ANGLE,Clear,Daylight,Automatic,12
Point,4296,15SR032001,11.071,--,--,--,COCKE,SR032,0-NONE,1,101819124,Along Roadway,2017,11/5/2017,1120,Prop Damage (under),0,0,0,0,2,--,--,--,--,Automatic,11
Point,4297,15SR032001,14.829,--,--,--,COCKE,SR032,0-NONE,1,102147226,Along Roadway,2018,9/14/2018,1130,Prop Damage (under),0,0,0,0,2,--,--,--,--,Automatic,11
Point,4298,15SR032001,14.944,--,--,--,COCKE,SR032,0-NONE,1,102193219,Along Roadway,2018,10/25/2018,1150,Prop Damage (under),0,0,0,0,2,--,--,--,--,Automatic,11
Point,4299,15SR032001,15.544,--,--,--,COCKE,SR032,0-NONE,1,102209398,Along Roadway,2018,11/8/2018,1700,Prop Damage (under),0,0,0,0,2,--,--,--,--,Automatic,17
Point,4300,15SR032001,16.524,--,--,--,COCKE,SR032,0-NONE,1,101933592,Along Roadway,2018,3/4/2018,1340,Prop Damage (under),0,0,0,0,1,--,--,--,--,Automatic,13
Point,4301,15SR032001,17.652,--,--,--,COCKE,SR032,0-NONE,1,101880498,Along Roadway,2018,1/6/2018,0,Prop Damage (under),0,0,0,0,2,--,--,--,--,Automatic,0
Point,4302,15SR032001,17.95,--,--,--,COCKE,SR032,0-NONE,1,102080348,At an Intersection,2018,7/19/2018,1654,Prop Damage (under),0,0,0,0,2,--,--,--,--,Automatic,16
Point,162,150A424001,0.128,NON_JUNCTION,On Roadway,--,COCKE,0A424,0-NONE,1,101180574,Along Roadway,2016,4/23/2016,908,Prop Damage (over),0,0,0,0,2,Vehicle in Transport,"SIDESWIPE, OPP DIR",Clear,Daylight,Automatic,9
Point,163,150A424001,0.184,NON_JUNCTION,On Roadway,--,COCKE,0A424,0-NONE,1,102539992,Along Roadway,2019,10/16/2019,1425,Suspected Minor Injury,0,3,0,3,2,Vehicle in Transport,HEAD-ON,Cloudy,Daylight,Automatic,14
Point,164,150A424001,0.563,NON_JUNCTION,On Roadway,--,COCKE,0A424,0-NONE,1,102026739,Along Roadway,2018,5/28/2018,1231,Prop Damage (over),0,0,0,0,2,Vehicle in Transport,"SIDESWIPE, OPP DIR",Rain,Daylight,Automatic,12
Point,2260,150A424001,0.055,NON_JUNCTION,--,--,COCKE,0A424,0-NONE,1,102518744,Along Roadway,2019,9/23/2019,1534,Prop Damage (over),0,0,0,0,2,Vehicle in Transport,"SIDESWIPE, OPP DIR",Clear,Daylight,Automatic,15
Point,2261,150A424001,0.163,NON_JUNCTION,--,--,COCKE,0A424,0-NONE,1,101724028,Along Roadway,2017,8/3/2017,1510,Prop Damage (over),0,0,0,0,2,Vehicle in Transport,"SIDESWIPE, OPP DIR",Clear,Daylight,Automatic,15
Point,2262,150A424001,0.486,NON_JUNCTION,--,--,COCKE,0A424,0-NONE,1,101605689,Along Roadway,2017,4/5/2017,1030,Prop Damage (over),0,0,0,0,2,Vehicle in Transport,"SIDESWIPE, OPP DIR",Cloudy,Daylight,Automatic,10
Point,2263,150A424001,0.496,NON_JUNCTION,--,--,COCKE,0A424,0-NONE,1,101358756,Along Roadway,2016,9/11/2016,925,Prop Damage (over),0,0,0,0,2,Vehicle in Transport,"SIDESWIPE, OPP DIR",Cloudy,Daylight,Automatic,9
